{
    "root_group": {
        "groups": {},
        "checks": {},
        "name": "",
        "path": "",
        "id": "d41d8cd98f00b204e9800998ecf8427e"
    },
    "metrics": {
        "http_req_failed": {
            "passes": 0,
            "fails": 100,
            "value": 0
        },
        "http_req_waiting": {
            "avg": 15.254892000000002,
            "min": 0.9972,
            "med": 12.90095,
            "max": 51.8964,
            "p(90)": 31.79658,
            "p(95)": 37.36055999999999
        },
        "vus": {
            "value": 10,
            "min": 10,
            "max": 10
        },
        "http_req_receiving": {
            "p(95)": 5.052349999999997,
            "avg": 1.2916150000000002,
            "min": 0,
            "med": 0.8345,
            "max": 12.9981,
            "p(90)": 3.596940000000003
        },
        "http_req_connecting": {
            "med": 1.9192,
            "max": 15.0051,
            "p(90)": 4.00035,
            "p(95)": 5.797669999999997,
            "avg": 2.418132999999999,
            "min": 0
        },
        "iterations": {
            "count": 100,
            "rate": 9.70825066070228
        },
        "http_req_duration": {
            "min": 2.9201,
            "med": 14.175450000000001,
            "max": 57.8636,
            "p(90)": 31.875610000000005,
            "p(95)": 40.40371999999999,
            "avg": 16.902452000000004
        },
        "http_req_tls_handshaking": {
            "med": 0,
            "max": 0,
            "p(90)": 0,
            "p(95)": 0,
            "avg": 0,
            "min": 0
        },
        "http_req_sending": {
            "max": 12.9981,
            "p(90)": 0.99986,
            "p(95)": 1.044919999999999,
            "avg": 0.35594499999999996,
            "min": 0,
            "med": 0
        },
        "vus_max": {
            "max": 10,
            "value": 10,
            "min": 10
        },
        "http_req_duration{expected_response:true}": {
            "p(90)": 31.875610000000005,
            "p(95)": 40.40371999999999,
            "avg": 16.902452000000004,
            "min": 2.9201,
            "med": 14.175450000000001,
            "max": 57.8636
        },
        "http_req_blocked": {
            "min": 0,
            "med": 2.00205,
            "max": 32.0782,
            "p(90)": 17.49538000000013,
            "p(95)": 31.5467,
            "avg": 5.506507
        },
        "http_reqs": {
            "count": 100,
            "rate": 9.70825066070228
        },
        "data_sent": {
            "count": 8300,
            "rate": 805.7848048382892
        },
        "iteration_duration": {
            "p(90)": 1045.93564,
            "p(95)": 1062.9105450000002,
            "avg": 1024.3956990000004,
            "min": 1003.5139,
            "med": 1019.5292999999999,
            "max": 1098.6858
        },
        "data_received": {
            "count": 18600,
            "rate": 1805.734622890624
        }
    }
}